0 - Корреспонденция;;0
Входящие;0 - Корреспонденция;1
август 2026;Входящие;2
апрель 2026;Входящие;2
июль 2026;Входящие;2
июнь 2026;Входящие;2
май 2026;Входящие;2
март 2026;Входящие;2
февраль 2026;Входящие;2
январь 2026;Входящие;2
Исходящие;0 - Корреспонденция;1
Август 2026;Исходящие;2
Июль 2026;Исходящие;2
0 - ПТО;;0
0 - Сметчики;0 - ПТО;1
графики;0 - Сметчики;2
для прорабов;0 - Сметчики;2
Аурум;для прорабов;3
Всполье;для прорабов;3
Соколиный парк;для прорабов;3
Фамилия 3;для прорабов;3
ДОГОВОРА;0 - Сметчики;2
!!!!!Бланки списание материалов;ДОГОВОРА;3
!!!!Протокол разногласий бланк;ДОГОВОРА;3
!!!!спецификации!!!;ДОГОВОРА;3
АО Газпром газораспределение Владимир;ДОГОВОРА;3
Суздаль;АО Газпром газораспределение Владимир;4
1 дом;Суздаль;5
2 дом;Суздаль;5
3 дом;Суздаль;5
ИП  Абрамов О.А;ДОГОВОРА;3
Еловая;ИП  Абрамов О.А;4
СВК;ИП  Абрамов О.А;4
Строителей;ИП  Абрамов О.А;4
ИП  Логинов;ДОГОВОРА;3
ИП Абдулаем;ДОГОВОРА;3
ИП Акинина О.С;ДОГОВОРА;3
ИП Алексеев А.А;ДОГОВОРА;3
ИП Артемьев В.В;ДОГОВОРА;3
ИП Арютинян А.Г;ДОГОВОРА;3
автоконтроль;ИП Арютинян А.Г;4
елов;автоконтроль;5
строит;автоконтроль;5
АУРУМ;ИП Арютинян А.Г;4
допник основа;ИП Арютинян А.Г;4
Новая папка;допник основа;5
еловая ватутина;ИП Арютинян А.Г;4
ИС Еловая;ИП Арютинян А.Г;4
ИС Строителей;ИП Арютинян А.Г;4
КАСКАД;ИП Арютинян А.Г;4
каскад ватутина;КАСКАД;5
новый договор;КАСКАД;5
свк;ИП Арютинян А.Г;4
суздальремстрой;ИП Арютинян А.Г;4
флориаль;ИП Арютинян А.Г;4
поставка;флориаль;5
ИП Бещеков Я.Н;ДОГОВОРА;3
Аурум;ИП Бещеков Я.Н;4
еловая;ИП Бещеков Я.Н;4
2;еловая;5
ИП Бещиков Я.Н;ИП Бещеков Я.Н;4
каскад;ИП Бещеков Я.Н;4
Новая папка;ИП Бещеков Я.Н;4
основа;ИП Бещеков Я.Н;4
2;основа;5
свк;ИП Бещеков Я.Н;4
строителей;ИП Бещеков Я.Н;4
2 подник;строителей;5
Суздаль;ИП Бещеков Я.Н;4
2 д;Суздаль;5
3 дом;Суздаль;5
Суздаль 1 дом;Суздаль;5
ФЛОРИАЛЬ;ИП Бещеков Я.Н;4
1;ФЛОРИАЛЬ;5
ИП Боков И.Е;ДОГОВОРА;3
111;ИП Боков И.Е;4
демонтаж стяжки;ИП Боков И.Е;4
еловая;ИП Боков И.Е;4
стяжка пола 650;еловая;5
КАСКАД;ИП Боков И.Е;4
доп работы отдельный догоовр;КАСКАД;5
допник от 25.12.2024 уборка снего, пушки,тент;КАСКАД;5
замена расценки каскад;КАСКАД;5
котельная;КАСКАД;5
машин отделение;КАСКАД;5
Новая папка;КАСКАД;5
Новая папка (2);КАСКАД;5
обслуживание дома;КАСКАД;5
сантехника 2 допик;КАСКАД;5
сантехника продление сроков;КАСКАД;5
электрика;КАСКАД;5
электрика 5 допник;КАСКАД;5
полы 3 кп;ИП Боков И.Е;4
строителей 39.3;ИП Боков И.Е;4
2;строителей 39.3;5
удорожание расценки;строителей 39.3;5
укладка плитки;ИП Боков И.Е;4
утеплитель;ИП Боков И.Е;4
Фасад;ИП Боков И.Е;4
электрика допник;ИП Боков И.Е;4
ИП борисов В.А;ДОГОВОРА;3
строителей;ИП борисов В.А;4
ИП Борисов КС электрика;ДОГОВОРА;3
ИП Боруцкая;ДОГОВОРА;3
исправление вида работ от 22.08.2024г;ИП Боруцкая;4
КАСКАД;ИП Боруцкая;4
козырьки над приямками Еловая;ИП Боруцкая;4
козырьки над приямками Строителей;ИП Боруцкая;4
лестница на лифты шахты;ИП Боруцкая;4
Новая папка;ИП Боруцкая;4
Новая папка (2);ИП Боруцкая;4
ограждение приямков;ИП Боруцкая;4
основа;ИП Боруцкая;4
строителей лестницы+ шахты;ИП Боруцкая;4
на печать;строителей лестницы+ шахты;5
ИП Боталов;ДОГОВОРА;3
ИП Бубнов А.А;ДОГОВОРА;3
1;ИП Бубнов А.А;4
2;ИП Бубнов А.А;4
ИП Быков А.Ю;ДОГОВОРА;3
Новая папка;ИП Быков А.Ю;4
1;Новая папка;5
ИП Волков В.С;ДОГОВОРА;3
Аурум;ИП Волков В.С;4
каскад;ИП Волков В.С;4
1;каскад;5
ИП Волков С.Н;ДОГОВОРА;3
Еловая;ИП Волков С.Н;4
каскад;ИП Волков С.Н;4
Озерная;ИП Волков С.Н;4
строителей;ИП Волков С.Н;4
ИП Волкова  Т.И;ДОГОВОРА;3
49а;ИП Волкова  Т.И;4
49б;ИП Волкова  Т.И;4
еловая;ИП Волкова  Т.И;4
3;еловая;5
Новая папка;еловая;5
жуквоского;ИП Волкова  Т.И;4
4 допник;жуквоского;5
5;жуквоского;5
продление сроков до 2025 года;жуквоского;5
каскад;ИП Волкова  Т.И;4
2 допик;каскад;5
3;каскад;5
Озерная;ИП Волкова  Т.И;4
строителей;ИП Волкова  Т.И;4
Фирма Флореаль;ИП Волкова  Т.И;4
ИП Воробьев;ДОГОВОРА;3
ИП Гордиков и ИП Мамедов;ДОГОВОРА;3
гордиков;ИП Гордиков и ИП Мамедов;4
1;гордиков;5
2;гордиков;5
3;гордиков;5
4;гордиков;5
Новая папка;гордиков;5
маманов;ИП Гордиков и ИП Мамедов;4
1;маманов;5
ИП Григорян;ДОГОВОРА;3
Новопарк асфальст;ИП Григорян;4
ИП Григорян Л.Г;ДОГОВОРА;3
ИП Гусаров;ДОГОВОРА;3
3 допник еловая;ИП Гусаров;4
4 допник еловая;ИП Гусаров;4
49а;ИП Гусаров;4
ИП Дмитриев;ДОГОВОРА;3
автоконтроль;ИП Дмитриев;4
аурум;автоконтроль;5
каскад;ИП Дмитриев;4
лоджии;каскад;5
отливы;каскад;5
СВК;ИП Дмитриев;4
ИП Ефремова;ДОГОВОРА;3
Аурум;ИП Ефремова;4
1;Аурум;5
2;Аурум;5
еловая;ИП Ефремова;4
КП;еловая;5
каскад;ИП Ефремова;4
2 допик;каскад;5
3;каскад;5
4;каскад;5
5;каскад;5
6;каскад;5
строителей;ИП Ефремова;4
3 допик;строителей;5
4;строителей;5
ИП Жарова;ДОГОВОРА;3
ИП Затягин;ДОГОВОРА;3
Озерная;ИП Затягин;4
ИП Казаков А.В;ДОГОВОРА;3
Еловая;ИП Казаков А.В;4
Строителей;ИП Казаков А.В;4
ИП Калайков;ДОГОВОРА;3
ИП Караулов;ДОГОВОРА;3
ИП Кашицын А.О;ДОГОВОРА;3
еловая опоры освещения;ИП Кашицын А.О;4
каскад;ИП Кашицын А.О;4
2;каскад;5
3;каскад;5
ОЗЕРНАЯ;ИП Кашицын А.О;4
1;ОЗЕРНАЯ;5
Суздальремстрой -2;ИП Кашицын А.О;4
ИП Клавдиев;ДОГОВОРА;3
ИП Кочетков;ДОГОВОРА;3
каскад;ИП Кочетков;4
Суздальремстрой 2;ИП Кочетков;4
газопровод фасадный  и;Суздальремстрой 2;5
канализация вода;Суздальремстрой 2;5
флореаль;ИП Кочетков;4
ИП Кузнецов А.И;ДОГОВОРА;3
ИП Купчин В.А;ДОГОВОРА;3
ИП ЛАРИОНОВ;ДОГОВОРА;3
для судебного офис г.Ковров;ИП ЛАРИОНОВ;4
еловая94,3;ИП ЛАРИОНОВ;4
10;еловая94,3;5
11;еловая94,3;5
12;еловая94,3;5
13;еловая94,3;5
14;еловая94,3;5
15;еловая94,3;5
16;еловая94,3;5
17;еловая94,3;5
18;еловая94,3;5
5 допик;еловая94,3;5
6 допик;еловая94,3;5
7 допник;еловая94,3;5
8 допик;еловая94,3;5
9допник;еловая94,3;5
елова  сбивка выступающих частей бетона;еловая94,3;5
исправления;ИП ЛАРИОНОВ;4
КАСКАД;ИП ЛАРИОНОВ;4
10;КАСКАД;5
12;КАСКАД;5
13;КАСКАД;5
3 допик;КАСКАД;5
4 допик;КАСКАД;5
5 допник;КАСКАД;5
6;КАСКАД;5
7;КАСКАД;5
8;КАСКАД;5
9;КАСКАД;5
КП ВСЕ;ИП ЛАРИОНОВ;4
Н.Дуброва 49а СВК;ИП ЛАРИОНОВ;4
на подпись и печать кс проверенные;ИП ЛАРИОНОВ;4
ОЗЕРНАЯ;ИП ЛАРИОНОВ;4
1;ОЗЕРНАЯ;5
2;ОЗЕРНАЯ;5
3;ОЗЕРНАЯ;5
4;ОЗЕРНАЯ;5
5;ОЗЕРНАЯ;5
ОСНОВА;ИП ЛАРИОНОВ;4
10;ОСНОВА;5
11;ОСНОВА;5
12;ОСНОВА;5
13;ОСНОВА;5
допик родление сроков;ОСНОВА;5
Новая папка;ОСНОВА;5
фасад;ОСНОВА;5
свк 49 б;ИП ЛАРИОНОВ;4
Новая папка;свк 49 б;5
с юо допики;свк 49 б;5
Строителей 393;ИП ЛАРИОНОВ;4
10;Строителей 393;5
11;Строителей 393;5
12;Строителей 393;5
14;Строителей 393;5
15;Строителей 393;5
16;Строителей 393;5
17;Строителей 393;5
18;Строителей 393;5
6 допик;Строителей 393;5
7 доик;Строителей 393;5
8 допик;Строителей 393;5
9;Строителей 393;5
замазка отверстий Строителей;Строителей 393;5
Суздальремстрой-2;ИП ЛАРИОНОВ;4
1 дом;Суздальремстрой-2;5
2 дом;Суздальремстрой-2;5
3 дом;Суздальремстрой-2;5
УПД бланки;ИП ЛАРИОНОВ;4
УПД ГОТОВЫЕ;ИП ЛАРИОНОВ;4
Фирма Флорель;ИП ЛАРИОНОВ;4
2 допник;Фирма Флорель;5
3;Фирма Флорель;5
4;Фирма Флорель;5
5;Фирма Флорель;5
6;Фирма Флорель;5
7;Фирма Флорель;5
демонтаж;Фирма Флорель;5
Новая папка;Фирма Флорель;5
строительная площадка;Фирма Флорель;5
ИП Лобавнов;ДОГОВОРА;3
1 дом;ИП Лобавнов;4
2 ДОМ;ИП Лобавнов;4
3 дом;ИП Лобавнов;4
ИП Луканин В.А;ДОГОВОРА;3
1 допник;ИП Луканин В.А;4
2 допик;ИП Луканин В.А;4
СЗ Автоконтроль;ИП Луканин В.А;4
Озерная;СЗ Автоконтроль;5
ИП Мальков;ДОГОВОРА;3
Суздальремстрой 2;ИП Мальков;4
2 дом;Суздальремстрой 2;5
3;Суздальремстрой 2;5
4;Суздальремстрой 2;5
ИП МАМАНОВ;ДОГОВОРА;3
ИП Марценюк Е;ДОГОВОРА;3
Аурум;ИП Марценюк Е;4
1;Аурум;5
2;Аурум;5
Каскад;ИП Марценюк Е;4
ИП Матусевин В.В,;ДОГОВОРА;3
основа;ИП Матусевин В.В,;4
ИП Махова;ДОГОВОРА;3
Каскад;ИП Махова;4
1;Каскад;5
2;Каскад;5
СВК 49а;ИП Махова;4
ул.Еловая;ИП Махова;4
ул.Строителей;ИП Махова;4
ИП Морозов кофе машина;ДОГОВОРА;3
ИП МСтоян Э.К;ДОГОВОРА;3
ИП Ольхов;ДОГОВОРА;3
49а изменение догвора;ИП Ольхов;4
ИП Омарашвили В.А;ДОГОВОРА;3
ИП Орехов В.С;ДОГОВОРА;3
каскад 07.05;ИП Орехов В.С;4
ИП Пашин;ДОГОВОРА;3
ИП Першин Д;ДОГОВОРА;3
ИП Плотников;ДОГОВОРА;3
ИП Поляков;ДОГОВОРА;3
суздаль-2;ИП Поляков;4
ИП Прибытков В.А;ДОГОВОРА;3
ИП Рассказов Ан.А;ДОГОВОРА;3
ИП Рассказов Д.А;ДОГОВОРА;3
ИП Рябиничев М.Л;ДОГОВОРА;3
Суздальремстрой -2;ИП Рябиничев М.Л;4
1 дом;Суздальремстрой -2;5
2 дом;Суздальремстрой -2;5
3 дом;Суздальремстрой -2;5
ИП Рябов;ДОГОВОРА;3
ИП Савосин;ДОГОВОРА;3
каскад;ИП Савосин;4
ИП Сакова;ДОГОВОРА;3
забор оск;ИП Сакова;4
забор статус;ИП Сакова;4
3 допик;забор статус;5
продление сроков;забор статус;5
ремонт офиса;ИП Сакова;4
Статус;ИП Сакова;4
1;Статус;5
ИП Салаков;ДОГОВОРА;3
ИП Сербин;ДОГОВОРА;3
ИП Симакова ( очистка территории Текстильщик);ДОГОВОРА;3
доп соглашение  от 02.12.2024;ИП Симакова ( очистка территории Текстильщик);4
кс;ИП Симакова ( очистка территории Текстильщик);4
свк;ИП Симакова ( очистка территории Текстильщик);4
Ип Скворцов Основа;ДОГОВОРА;3
ИП Скорюкова М. В;ДОГОВОРА;3
ИП Смирнова О.Г;ДОГОВОРА;3
елова в связи с замечаниями зид;ИП Смирнова О.Г;4
замена суммы + работы ковров;ИП Смирнова О.Г;4
от юриста;замена суммы + работы ковров;5
ИП Смирнова на выгрузку;ИП Смирнова О.Г;4
каскад;ИП Смирнова О.Г;4
2;каскад;5
3;каскад;5
4;каскад;5
на подпись допник на 16мл;ИП Смирнова О.Г;4
Новая папка;на подпись допник на 16мл;5
наружые сети водопровод;ИП Смирнова О.Г;4
добвление суммы на материал;наружые сети водопровод;5
строителей 26.05.2025;наружые сети водопровод;5
Новая папка;ИП Смирнова О.Г;4
Статус;ИП Смирнова О.Г;4
ИП Смолин Д.Е;ДОГОВОРА;3
ИП Соколов А.В;ДОГОВОРА;3
49а;ИП Соколов А.В;4
ИП Степанов О.В;ДОГОВОРА;3
ИП Степанов С.П;ДОГОВОРА;3
ИП Стыров;ДОГОВОРА;3
ИП Сукманова;ДОГОВОРА;3
Озерная 35;ИП Сукманова;4
1;Озерная 35;5
2;Озерная 35;5
3;Озерная 35;5
ИП Терлецкий мойка+ шиномонтаж;ДОГОВОРА;3
ИП Тихомиров ЮГ;ДОГОВОРА;3
ИП ТРифонов;ДОГОВОРА;3
Двери офис;ИП ТРифонов;4
жуковского двери;ИП ТРифонов;4
ИП Трутнев;ДОГОВОРА;3
новый зем.участок;ИП Трутнев;4
ИП Устинов;ДОГОВОРА;3
аурум;ИП Устинов;4
1;аурум;5
основной договор;аурум;5
еловая;ИП Устинов;4
каскад;ИП Устинов;4
1;каскад;5
3;каскад;5
4;каскад;5
подвал;ИП Устинов;4
свк;ИП Устинов;4
строителей;ИП Устинов;4
3;строителей;5
4;строителей;5
суздальремстрой;ИП Устинов;4
1 дом;суздальремстрой;5
2 дом;суздальремстрой;5
3 дом;суздальремстрой;5
Флориаль;ИП Устинов;4
1;Флориаль;5
ИП Фадеев А.А;ДОГОВОРА;3
ИП Халеев Н.А;ДОГОВОРА;3
Иваново офис;ИП Халеев Н.А;4
ИП Харченко А.А;ДОГОВОРА;3
ОСК;ИП Харченко А.А;4
Статус;ИП Харченко А.А;4
2;Статус;5
3;Статус;5
ИП Чебан М.В;ДОГОВОРА;3
Еловая двери установка;ИП Чебан М.В;4
2;Еловая двери установка;5
Строителей двери установка;ИП Чебан М.В;4
2;Строителей двери установка;5
ИП Чернявский Д.А;ДОГОВОРА;3
ИП Шальнова;ДОГОВОРА;3
Аурум;ИП Шальнова;4
Всполье Суздальремстрой 2;ИП Шальнова;4
1 дом;Всполье Суздальремстрой 2;5
2 дом;Всполье Суздальремстрой 2;5
3 дом;Всполье Суздальремстрой 2;5
каскад;ИП Шальнова;4
Стяжка до 130 мм;ИП Шальнова;4
увелечение стоимости в зимнее время 49а;ИП Шальнова;4
ИП Шаров;ДОГОВОРА;3
Каскад;ИП Шаров;4
1;Каскад;5
ИП Шелихов;ДОГОВОРА;3
оск;ИП Шелихов;4
офис;ИП Шелихов;4
статус;ИП Шелихов;4
3;статус;5
ИП Шлепотин;ДОГОВОРА;3
ИП Яковлев;ДОГОВОРА;3
двери установка;ИП Яковлев;4
каскад;ИП Яковлев;4
1;каскад;5
лестницы основа;ИП Яковлев;4
СВК;ИП Яковлев;4
ИП Яковлева Н;ДОГОВОРА;3
каскад;ИП Яковлева Н;4
строителей 43;каскад;5
Новая папка;ДОГОВОРА;3
ООО 33 Штукатура;ДОГОВОРА;3
Суздаль 1 дом;ООО 33 Штукатура;4
ООО АИСС;ДОГОВОРА;3
ООО Альфастрой;ДОГОВОРА;3
еловая;ООО Альфастрой;4
Строителей;ООО Альфастрой;4
Строителей каскад;ООО Альфастрой;4
ООО Альянс Монтаж Групп;ДОГОВОРА;3
ООО Альянс-групп;ДОГОВОРА;3
еловая;ООО Альянс-групп;4
каскад;ООО Альянс-групп;4
1;каскад;5
2;каскад;5
строителей;ООО Альянс-групп;4
ООО Альянс-строй;ДОГОВОРА;3
ООО АльянСтрой;ДОГОВОРА;3
ООО Амбика (кочетков);ДОГОВОРА;3
ООО Артметалл;ДОГОВОРА;3
еловая козырек;ООО Артметалл;4
подъезд + эвакуционные выходы;еловая козырек;5
приямки;еловая козырек;5
каскад;ООО Артметалл;4
лестницы;каскад;5
поручни;каскад;5
ограждение лест.маршов;ООО Артметалл;4
строителей;ООО Артметалл;4
козырьки пряимки;строителей;5
ООО Вектор;ДОГОВОРА;3
ООО ВладЛифтМонтаж;ДОГОВОРА;3
ООО Владстройплюс;ДОГОВОРА;3
Еловая АК33;ООО Владстройплюс;4
жуковского;ООО Владстройплюс;4
кирпичные столбы + наружняя отделка;жуковского;5
монтаж котельной;жуковского;5
ООО ВЛС владинфо;ДОГОВОРА;3
ООО Вольный ветер;ДОГОВОРА;3
ООО ВСК-9;ДОГОВОРА;3
ООО Гарантстрой;ДОГОВОРА;3
Суздаль;ООО Гарантстрой;4
дом 1;Суздаль;5
дом 2;Суздаль;5
дом 3;Суздаль;5
ООО Гласпромм;ДОГОВОРА;3
ООО Гранж;ДОГОВОРА;3
Ав33 Озерная;ООО Гранж;4
ООО ДСГ 8 марта;ДОГОВОРА;3
ООО ЗИД;ДОГОВОРА;3
АУРУМ;ООО ЗИД;4
ООО Инвестиции ЛиГ;ДОГОВОРА;3
основа;ООО Инвестиции ЛиГ;4
ООО Интел;ДОГОВОРА;3
Аурум;ООО Интел;4
каскад;ООО Интел;4
основа;ООО Интел;4
ООО Интермосевис;ДОГОВОРА;3
каскад;ООО Интермосевис;4
ООО Квадроком;ДОГОВОРА;3
озерная;ООО Квадроком;4
основа;ООО Квадроком;4
2;основа;5
ООО Компания Мастерфайбр;ДОГОВОРА;3
49а;ООО Компания Мастерфайбр;4
ул.Еловая;ООО Компания Мастерфайбр;4
ул.Строителей 39_3;ООО Компания Мастерфайбр;4
ул.строителей. 43;ООО Компания Мастерфайбр;4
ООО Лифтмонтажсервис;ДОГОВОРА;3
ООО ЛЮМУС;ДОГОВОРА;3
ООО МЕГАПОЛИС;ДОГОВОРА;3
ГЕО точки озерная;ООО МЕГАПОЛИС;4
исправления;ООО МЕГАПОЛИС;4
каскад допик;ООО МЕГАПОЛИС;4
строителей;ООО МЕГАПОЛИС;4
суздаль;ООО МЕГАПОЛИС;4
фирма флогиаль;ООО МЕГАПОЛИС;4
ООО МК Олимп;ДОГОВОРА;3
ООО НЕО-групп;ДОГОВОРА;3
1;ООО НЕО-групп;4
Фирма Флореаль;ООО НЕО-групп;4
ООО Окна в жизнь;ДОГОВОРА;3
00000;ООО Окна в жизнь;4
ООО Окна Германии;ДОГОВОРА;3
ООО ПМК-178;ДОГОВОРА;3
допник от 20.02.2025 Еловая;ООО ПМК-178;4
ООО Полимер-аква;ДОГОВОРА;3
ООО примьер строй;ДОГОВОРА;3
ООО Промстрой;ДОГОВОРА;3
ООО РУСЛИФТ;ДОГОВОРА;3
ООО САНТЕЗ;ДОГОВОРА;3
ООО СВЯЗЬ;ДОГОВОРА;3
2;ООО СВЯЗЬ;4
еловая;ООО СВЯЗЬ;4
2;еловая;5
каскад;ООО СВЯЗЬ;4
1;каскад;5
строит;ООО СВЯЗЬ;4
2;строит;5
ул.Озерная;ООО СВЯЗЬ;4
ООО СЕРВИС;ДОГОВОРА;3
49а;ООО СЕРВИС;4
Основа;ООО СЕРВИС;4
ООО СК Аристократ;ДОГОВОРА;3
ООО Спецстрой;ДОГОВОРА;3
ООО СПК Николь;ДОГОВОРА;3
Аурум;ООО СПК Николь;4
1;Аурум;5
спк николь Строителей;ООО СПК Николь;4
Фасад Каскад;ООО СПК Николь;4
1;Фасад Каскад;5
ООО ССМУ ГРУПП;ДОГОВОРА;3
ООО Строительные машины;ДОГОВОРА;3
1 дом;ООО Строительные машины;4
2 дом;ООО Строительные машины;4
920 дом;ООО Строительные машины;4
ООО Строй Арт;ДОГОВОРА;3
двери нежилое;ООО Строй Арт;4
ООО Стройконтроль;ДОГОВОРА;3
Еловая м;ООО Стройконтроль;4
Строитлей 39.3;ООО Стройконтроль;4
ООО СТРОЙТРЕНД 33;ДОГОВОРА;3
1;ООО СТРОЙТРЕНД 33;4
ООО Суздальремстрой;ДОГОВОРА;3
ООО ТандемСтрой;ДОГОВОРА;3
ООО Теплодар;ДОГОВОРА;3
Аурум;ООО Теплодар;4
строителей;ООО Теплодар;4
ООО УК  ВЫСОТА;ДОГОВОРА;3
ООО ФЬЁРДСТРОЙ;ДОГОВОРА;3
ООО ЧОО ВИСТА;ДОГОВОРА;3
Еловая;ООО ЧОО ВИСТА;4
перенос шлакбаума;Еловая;5
Строителей;ООО ЧОО ВИСТА;4
ООО ЧОП Рысь;ДОГОВОРА;3
ООО Шев-Монтаж Иваново;ДОГОВОРА;3
1;ООО Шев-Монтаж Иваново;4
ООО ЭКОТЕХ;ДОГОВОРА;3
1 допик;ООО ЭКОТЕХ;4
Договор;ООО ЭКОТЕХ;4
ООО Энки-Строй;ДОГОВОРА;3
49а детская площадка;ООО Энки-Строй;4
еловая;ООО Энки-Строй;4
каскад;ООО Энки-Строй;4
МАФ;каскад;5
Новая папка;ООО Энки-Строй;4
озерная;ООО Энки-Строй;4
5 допник;озерная;5
6 допник;озерная;5
7;озерная;5
кладка;озерная;5
озерная дорожные плиты+ точки;ООО Энки-Строй;4
озерная косоуры;ООО Энки-Строй;4
забор;озерная косоуры;5
озерная эл. работы;ООО Энки-Строй;4
основа;ООО Энки-Строй;4
строителей;ООО Энки-Строй;4
Новая папка;строителей;5
Суздальремстрой -2;ООО Энки-Строй;4
1 дом;Суздальремстрой -2;5
2 дом;Суздальремстрой -2;5
3 дом;Суздальремстрой -2;5
кладка выше 0,00;Суздальремстрой -2;5
кладка ниже 0,00;Суздальремстрой -2;5
Новая папка;Суздальремстрой -2;5
Новая папка (2);Суздальремстрой -2;5
Флориаль;ООО Энки-Строй;4
ООО Эталон-Строй;ДОГОВОРА;3
ООО Эталонстрой;ДОГОВОРА;3
Самозанятая Мизюкова;ДОГОВОРА;3
еловая;Самозанятая Мизюкова;4
ИП РДА 49б;Самозанятая Мизюкова;4
Строитеей;Самозанятая Мизюкова;4
Самозанятый Кисанов Н.В;ДОГОВОРА;3
каскад;Самозанятый Кисанов Н.В;4
ул.Еловая;Самозанятый Кисанов Н.В;4
ул.Строителей;Самозанятый Кисанов Н.В;4
загрузки;0 - Сметчики;2
карточки ИП;0 - Сметчики;2
КП;0 - Сметчики;2
отчет к планерке;0 - Сметчики;2
Протоколы с планерки;0 - Сметчики;2
отчеты от прорабов;Протоколы с планерки;3
сканы;0 - Сметчики;2
служебные записки;0 - Сметчики;2
СРАВНИТЕЛЬНЫЕ ТАБЛИЦЫ;0 - Сметчики;2
счета;0 - Сметчики;2
газпром;счета;3
ларионов;счета;3
Новая папка;счета;3
таблички подрядчиков;0 - Сметчики;2
